Program,Alignment,AVGLEN,NUMSEQ,SP,TC,Time
kalign,gpdh_ref.msf,129.082434,7691,0.000000,0.000000,1.028339
muscle,gpdh_ref.msf,129.082434,7691,0.000000,0.000000,236.200193
clustal,gpdh_ref.msf,129.082434,7691,0.000000,0.000000,450.921417
kalign,ricin_ref.msf,198.708166,747,0.000000,0.000000,0.416368
muscle,ricin_ref.msf,198.708166,747,0.000000,0.000000,6.650461
clustal,ricin_ref.msf,198.708166,747,0.000000,0.000000,54.748088
kalign,Rhodanese_ref.msf,102.276888,14049,0.000000,0.000000,1.983935
